{"mtx": [[2391.4364883882113, 0.0, 2327.2704361222163], [0.0, 2393.005290079511, 1760.293711020786], [0.0, 0.0, 1.0]], "dist": [[-0.3372277740116092, 0.13051146913676753, -0.0002463759140043227, 7.459511664618275e-06, -0.024347385743476148]], "size": [4608, 3456]}