{"camera": "DJI-JPG", "mtx": [[2909.829294671458, 0.0, 2026.9188425690745], [0.0, 2909.0307962203306, 1519.2482783121939], [0.0, 0.0, 1.0]], "dist": [[-0.02258904217075569, 0.12808601426919664, 0.00035528792233472853, 0.00014795741008300707, -0.12875976722050797]], "size": [4000, 3000]}