{"mtx": [[2310.591488453212, 0.0, 2347.790108533115], [0.0, 2308.6668289839167, 1724.6056801496943], [0.0, 0.0, 1.0]], "dist": [[-0.3367052678121286, 0.13073092525230293, -0.00022314240304978188, 0.0003470041259693063, -0.0246955871957511]], "size": [4600, 3448], "camera": "M20_RAW"}