{"camera": "DJI_RAW", "mtx": [[2880.2955427276033, 0.0, 2027.7701026215111], [0.0, 2880.114345356666, 1506.081808017806], [0.0, 0.0, 1.0]], "dist": [[0.26600062584536815, -0.8055377149290658, 0.0002611351547477098, 0.0012473165508033327, 0.7224104648849122]], "size": [3992, 2992]}