{"mtx": [[2898.4683237896006, 0.0, 2032.1512913688591], [0.0, 2898.600429204581, 1510.6273628340032], [0.0, 0.0, 1.0]], "dist": [[0.18456929958351967, -0.45530898548721, 0.0002736394422800173, 0.00012010401446102354, 0.24480724034299267]], "size": [3992, 2992], "camera": "DJI_RAW"}