{"mtx": [[2379.2062922246528, 0.0, 2026.833235304806], [0.0, 2381.706540477531, 1591.7514409619007], [0.0, 0.0, 1.0]], "dist": [-0.3228892990334696, 0.13829135008866741, -0.000381822995923862, 0.00015040904117740857, -0.03272739179352619], "size": [4032, 3024]}